<?xml version="1.0" encoding="utf-8"?>
<modification>
  <name>opencart3_attribute_html_bug_fix</name>
  <code>opencart3_attribute_html_bug_fix</code>
  <version>1.1.0</version>
  <author>Md Soliman Faragy</author>
  <link>https://www.opencartprogrammer.com/</link>
  <file path="catalog/model/catalog/product.php">
    <operation error="log">
      <search><![CDATA[$product_attribute_data[] = array(]]></search>
      	<add position="before"><![CDATA[
      		$product_attribute['text'] = html_entity_decode($product_attribute['text'], ENT_QUOTES, 'UTF-8');
			$product_attribute['name'] = html_entity_decode($product_attribute['name'], ENT_QUOTES, 'UTF-8');
					
		]]></add>
    </operation>
  </file>
  </modification>